Pasta;Nome do arquivo;Extensão;Caminho completo (a partir de assets/);Tamanho;Dimensões
books/ciclo-de-jesed/guerras-de-sangue/chapters;chapter-01.webp;.webp;books/ciclo-de-jesed/guerras-de-sangue/chapters/chapter-01.webp;264236;1672x941
books/ciclo-de-jesed/guerras-de-sangue/chapters;chapter-02.webp;.webp;books/ciclo-de-jesed/guerras-de-sangue/chapters/chapter-02.webp;197894;1672x941
books/ciclo-de-jesed/guerras-de-sangue/chapters;chapter-03.webp;.webp;books/ciclo-de-jesed/guerras-de-sangue/chapters/chapter-03.webp;317014;1672x941
books/ciclo-de-jesed/guerras-de-sangue/chapters;chapter-04.webp;.webp;books/ciclo-de-jesed/guerras-de-sangue/chapters/chapter-04.webp;349176;1672x941
books/ciclo-de-jesed/guerras-de-sangue/chapters;chapter-05.webp;.webp;books/ciclo-de-jesed/guerras-de-sangue/chapters/chapter-05.webp;214116;1672x941
books/ciclo-de-jesed/guerras-de-sangue/chapters;chapter-06.webp;.webp;books/ciclo-de-jesed/guerras-de-sangue/chapters/chapter-06.webp;296954;1672x941
books/ciclo-de-jesed/guerras-de-sangue/chapters;chapter-07.webp;.webp;books/ciclo-de-jesed/guerras-de-sangue/chapters/chapter-07.webp;117180;1024x572
books/ciclo-de-jesed/guerras-de-sangue/chapters;chapter-08.webp;.webp;books/ciclo-de-jesed/guerras-de-sangue/chapters/chapter-08.webp;373828;1672x941
books/ciclo-de-jesed/guerras-de-sangue/chapters;chapter-09.webp;.webp;books/ciclo-de-jesed/guerras-de-sangue/chapters/chapter-09.webp;478894;1672x941
books/ciclo-de-jesed/guerras-de-sangue/chapters;chapter-10.webp;.webp;books/ciclo-de-jesed/guerras-de-sangue/chapters/chapter-10.webp;205348;1672x941
books/ciclo-de-jesed/guerras-de-sangue/chapters;chapter-11.webp;.webp;books/ciclo-de-jesed/guerras-de-sangue/chapters/chapter-11.webp;394612;1672x941
books/ciclo-de-jesed/guerras-de-sangue/chapters;chapter-12.webp;.webp;books/ciclo-de-jesed/guerras-de-sangue/chapters/chapter-12.webp;320782;1672x941
books/ciclo-de-jesed/guerras-de-sangue/chapters;chapter-13.webp;.webp;books/ciclo-de-jesed/guerras-de-sangue/chapters/chapter-13.webp;287680;1672x941
books/ciclo-de-jesed/guerras-de-sangue/chapters;chapter-14.webp;.webp;books/ciclo-de-jesed/guerras-de-sangue/chapters/chapter-14.webp;504590;1672x941
books/ciclo-de-jesed/guerras-de-sangue/chapters;chapter-15.webp;.webp;books/ciclo-de-jesed/guerras-de-sangue/chapters/chapter-15.webp;218314;1672x941
books/ciclo-de-jesed/guerras-de-sangue/chapters;chapter-16.webp;.webp;books/ciclo-de-jesed/guerras-de-sangue/chapters/chapter-16.webp;412938;1672x941
books/ciclo-de-jesed/guerras-de-sangue/chapters;chapter-17.webp;.webp;books/ciclo-de-jesed/guerras-de-sangue/chapters/chapter-17.webp;365182;1672x941
books/ciclo-de-jesed/guerras-de-sangue/chapters;chapter-18.webp;.webp;books/ciclo-de-jesed/guerras-de-sangue/chapters/chapter-18.webp;229066;1672x941
books/ciclo-de-jesed/guerras-de-sangue/chapters;chapter-19.webp;.webp;books/ciclo-de-jesed/guerras-de-sangue/chapters/chapter-19.webp;242440;1672x941
books/ciclo-de-jesed/guerras-de-sangue/chapters;chapter-20.webp;.webp;books/ciclo-de-jesed/guerras-de-sangue/chapters/chapter-20.webp;247244;1672x941
books/ciclo-de-jesed/guerras-de-sangue/chapters;chapter-21.webp;.webp;books/ciclo-de-jesed/guerras-de-sangue/chapters/chapter-21.webp;359424;1672x941
books/ciclo-de-jesed/guerras-de-sangue/chapters;chapter-22.webp;.webp;books/ciclo-de-jesed/guerras-de-sangue/chapters/chapter-22.webp;346122;1672x941
books/ciclo-de-jesed/guerras-de-sangue/chapters;chapter-23.webp;.webp;books/ciclo-de-jesed/guerras-de-sangue/chapters/chapter-23.webp;243300;1672x941
books/ciclo-de-jesed/guerras-de-sangue/chapters;chapter-24.webp;.webp;books/ciclo-de-jesed/guerras-de-sangue/chapters/chapter-24.webp;236812;1672x941
books/ciclo-de-jesed/guerras-de-sangue/chapters;chapter-25.webp;.webp;books/ciclo-de-jesed/guerras-de-sangue/chapters/chapter-25.webp;201064;1672x941
books/ciclo-de-jesed/guerras-de-sangue/chapters;chapter-26.webp;.webp;books/ciclo-de-jesed/guerras-de-sangue/chapters/chapter-26.webp;96366;1024x576
books/ciclo-de-jesed/guerras-de-sangue/chapters;chapter-27.webp;.webp;books/ciclo-de-jesed/guerras-de-sangue/chapters/chapter-27.webp;272288;1672x941
books/ciclo-de-jesed/guerras-de-sangue/chapters;chapter-28.webp;.webp;books/ciclo-de-jesed/guerras-de-sangue/chapters/chapter-28.webp;268440;1672x941
books/ciclo-de-jesed/guerras-de-sangue/chapters;chapter-29.webp;.webp;books/ciclo-de-jesed/guerras-de-sangue/chapters/chapter-29.webp;353162;1672x941
books/ciclo-de-jesed/guerras-de-sangue/chapters;chapter-30.webp;.webp;books/ciclo-de-jesed/guerras-de-sangue/chapters/chapter-30.webp;330594;1672x941
books/ciclo-de-jesed/guerras-de-sangue/characters;alyra.webp;.webp;books/ciclo-de-jesed/guerras-de-sangue/characters/alyra.webp;122308;900x1125
books/ciclo-de-jesed/guerras-de-sangue/characters;avara-fendelar.webp;.webp;books/ciclo-de-jesed/guerras-de-sangue/characters/avara-fendelar.webp;146174;900x1350
books/ciclo-de-jesed/guerras-de-sangue/characters;brokan-das-forjas.webp;.webp;books/ciclo-de-jesed/guerras-de-sangue/characters/brokan-das-forjas.webp;147932;900x1125
books/ciclo-de-jesed/guerras-de-sangue/characters;cal-edran.webp;.webp;books/ciclo-de-jesed/guerras-de-sangue/characters/cal-edran.webp;140618;900x1200
books/ciclo-de-jesed/guerras-de-sangue/characters;cal-kadrir.webp;.webp;books/ciclo-de-jesed/guerras-de-sangue/characters/cal-kadrir.webp;128276;900x1200
books/ciclo-de-jesed/guerras-de-sangue/characters;daryon-polar.webp;.webp;books/ciclo-de-jesed/guerras-de-sangue/characters/daryon-polar.webp;101276;900x1125
books/ciclo-de-jesed/guerras-de-sangue/characters;hadrun.webp;.webp;books/ciclo-de-jesed/guerras-de-sangue/characters/hadrun.webp;123982;900x1125
books/ciclo-de-jesed/guerras-de-sangue/characters;harrev.webp;.webp;books/ciclo-de-jesed/guerras-de-sangue/characters/harrev.webp;162926;900x1125
books/ciclo-de-jesed/guerras-de-sangue/characters;iressa-maos-de-sal.webp;.webp;books/ciclo-de-jesed/guerras-de-sangue/characters/iressa-maos-de-sal.webp;180358;900x1200
books/ciclo-de-jesed/guerras-de-sangue/characters;kaelina.webp;.webp;books/ciclo-de-jesed/guerras-de-sangue/characters/kaelina.webp;144322;900x1125
books/ciclo-de-jesed/guerras-de-sangue/characters;kahul.webp;.webp;books/ciclo-de-jesed/guerras-de-sangue/characters/kahul.webp;111766;900x1125
books/ciclo-de-jesed/guerras-de-sangue/characters;kharvok.webp;.webp;books/ciclo-de-jesed/guerras-de-sangue/characters/kharvok.webp;139252;900x1200
books/ciclo-de-jesed/guerras-de-sangue/characters;lorde-ossar-glydar.webp;.webp;books/ciclo-de-jesed/guerras-de-sangue/characters/lorde-ossar-glydar.webp;125814;900x1200
books/ciclo-de-jesed/guerras-de-sangue/characters;lurok.webp;.webp;books/ciclo-de-jesed/guerras-de-sangue/characters/lurok.webp;81344;900x1125
books/ciclo-de-jesed/guerras-de-sangue/characters;lutharus.webp;.webp;books/ciclo-de-jesed/guerras-de-sangue/characters/lutharus.webp;96394;900x1125
books/ciclo-de-jesed/guerras-de-sangue/characters;maelis-das-contagens.webp;.webp;books/ciclo-de-jesed/guerras-de-sangue/characters/maelis-das-contagens.webp;160466;900x1125
books/ciclo-de-jesed/guerras-de-sangue/characters;markoso.webp;.webp;books/ciclo-de-jesed/guerras-de-sangue/characters/markoso.webp;147402;900x1200
books/ciclo-de-jesed/guerras-de-sangue/characters;nalia-do-rio.webp;.webp;books/ciclo-de-jesed/guerras-de-sangue/characters/nalia-do-rio.webp;115518;900x1125
books/ciclo-de-jesed/guerras-de-sangue/characters;nara-e-ilo.webp;.webp;books/ciclo-de-jesed/guerras-de-sangue/characters/nara-e-ilo.webp;160874;900x1125
books/ciclo-de-jesed/guerras-de-sangue/characters;nynestra.webp;.webp;books/ciclo-de-jesed/guerras-de-sangue/characters/nynestra.webp;202906;900x1200
books/ciclo-de-jesed/guerras-de-sangue/characters;odran-porta-baixa.webp;.webp;books/ciclo-de-jesed/guerras-de-sangue/characters/odran-porta-baixa.webp;197084;900x1125
books/ciclo-de-jesed/guerras-de-sangue/characters;odris.webp;.webp;books/ciclo-de-jesed/guerras-de-sangue/characters/odris.webp;157264;900x1125
books/ciclo-de-jesed/guerras-de-sangue/characters;orionus-polar-2.webp;.webp;books/ciclo-de-jesed/guerras-de-sangue/characters/orionus-polar-2.webp;238984;900x1350
books/ciclo-de-jesed/guerras-de-sangue/characters;orionus-polar.webp;.webp;books/ciclo-de-jesed/guerras-de-sangue/characters/orionus-polar.webp;122224;900x1125
books/ciclo-de-jesed/guerras-de-sangue/characters;orven.webp;.webp;books/ciclo-de-jesed/guerras-de-sangue/characters/orven.webp;170796;900x1125
books/ciclo-de-jesed/guerras-de-sangue/characters;rendar.webp;.webp;books/ciclo-de-jesed/guerras-de-sangue/characters/rendar.webp;149282;900x1125
books/ciclo-de-jesed/guerras-de-sangue/characters;saela.webp;.webp;books/ciclo-de-jesed/guerras-de-sangue/characters/saela.webp;126974;900x1125
books/ciclo-de-jesed/guerras-de-sangue/characters;sarkan.webp;.webp;books/ciclo-de-jesed/guerras-de-sangue/characters/sarkan.webp;130058;900x1125
books/ciclo-de-jesed/guerras-de-sangue/characters;savel.webp;.webp;books/ciclo-de-jesed/guerras-de-sangue/characters/savel.webp;115408;900x1125
books/ciclo-de-jesed/guerras-de-sangue/characters;seron-das-obras.webp;.webp;books/ciclo-de-jesed/guerras-de-sangue/characters/seron-das-obras.webp;167938;900x1125
books/ciclo-de-jesed/guerras-de-sangue/characters;seyra-vendrar.webp;.webp;books/ciclo-de-jesed/guerras-de-sangue/characters/seyra-vendrar.webp;215502;900x1125
books/ciclo-de-jesed/guerras-de-sangue/characters;soren.webp;.webp;books/ciclo-de-jesed/guerras-de-sangue/characters/soren.webp;77754;900x1125
books/ciclo-de-jesed/guerras-de-sangue/characters;tavra-vendrar.webp;.webp;books/ciclo-de-jesed/guerras-de-sangue/characters/tavra-vendrar.webp;207610;900x1200
books/ciclo-de-jesed/guerras-de-sangue/characters;thoren-dos-graos.webp;.webp;books/ciclo-de-jesed/guerras-de-sangue/characters/thoren-dos-graos.webp;156826;900x1125
books/ciclo-de-jesed/guerras-de-sangue/characters;torgun.webp;.webp;books/ciclo-de-jesed/guerras-de-sangue/characters/torgun.webp;253472;900x1125
books/ciclo-de-jesed/guerras-de-sangue/characters;varael-glydar.webp;.webp;books/ciclo-de-jesed/guerras-de-sangue/characters/varael-glydar.webp;149252;900x1125
books/ciclo-de-jesed/guerras-de-sangue/characters;varron-meio-olho.webp;.webp;books/ciclo-de-jesed/guerras-de-sangue/characters/varron-meio-olho.webp;125310;900x1125
books/ciclo-de-jesed/guerras-de-sangue/characters;veyr-polar.webp;.webp;books/ciclo-de-jesed/guerras-de-sangue/characters/veyr-polar.webp;180244;900x1125
books/ciclo-de-jesed/guerras-de-sangue/characters;vita-fendelar.webp;.webp;books/ciclo-de-jesed/guerras-de-sangue/characters/vita-fendelar.webp;89886;900x1350
books/ciclo-de-jesed/guerras-de-sangue/characters;vorlan-vendrar.webp;.webp;books/ciclo-de-jesed/guerras-de-sangue/characters/vorlan-vendrar.webp;144818;900x1125
books/ciclo-de-jesed/guerras-de-sangue/characters;ylvena.webp;.webp;books/ciclo-de-jesed/guerras-de-sangue/characters/ylvena.webp;107776;900x1125
books/ciclo-de-jesed/guerras-de-sangue/characters;yvenn-raiz-branca.webp;.webp;books/ciclo-de-jesed/guerras-de-sangue/characters/yvenn-raiz-branca.webp;169886;900x1200
books/ciclo-de-jesed/guerras-de-sangue;cover.webp;.webp;books/ciclo-de-jesed/guerras-de-sangue/cover.webp;335210;1024x1535
books/ciclo-de-jesed/guerras-de-sangue/maps;map-jesed.webp;.webp;books/ciclo-de-jesed/guerras-de-sangue/maps/map-jesed.webp;675282;1536x1024
books/ciclo-de-jesed/guerras-de-sangue/places;acampamento-dos-homens-das-areias.webp;.webp;books/ciclo-de-jesed/guerras-de-sangue/places/acampamento-dos-homens-das-areias.webp;241756;1200x900
books/ciclo-de-jesed/guerras-de-sangue/places;alesteiro.webp;.webp;books/ciclo-de-jesed/guerras-de-sangue/places/alesteiro.webp;227716;1200x900
books/ciclo-de-jesed/guerras-de-sangue/places;camara-do-primeiro-abrigo.webp;.webp;books/ciclo-de-jesed/guerras-de-sangue/places/camara-do-primeiro-abrigo.webp;94574;1200x900
books/ciclo-de-jesed/guerras-de-sangue/places;cendar-vel.webp;.webp;books/ciclo-de-jesed/guerras-de-sangue/places/cendar-vel.webp;141300;1200x900
books/ciclo-de-jesed/guerras-de-sangue/places;floresta-de-mirval.webp;.webp;books/ciclo-de-jesed/guerras-de-sangue/places/floresta-de-mirval.webp;207034;1200x900
books/ciclo-de-jesed/guerras-de-sangue/places;kaendar.webp;.webp;books/ciclo-de-jesed/guerras-de-sangue/places/kaendar.webp;237134;1200x900
books/ciclo-de-jesed/guerras-de-sangue/places;khar-tondr.webp;.webp;books/ciclo-de-jesed/guerras-de-sangue/places/khar-tondr.webp;305564;1200x900
books/ciclo-de-jesed/guerras-de-sangue/places;marco-das-tres-pedras.webp;.webp;books/ciclo-de-jesed/guerras-de-sangue/places/marco-das-tres-pedras.webp;123730;1200x900
books/ciclo-de-jesed/guerras-de-sangue/places;margem-dos-zirrios.webp;.webp;books/ciclo-de-jesed/guerras-de-sangue/places/margem-dos-zirrios.webp;248800;1200x900
books/ciclo-de-jesed/guerras-de-sangue/places;noreval.webp;.webp;books/ciclo-de-jesed/guerras-de-sangue/places/noreval.webp;171684;1200x900
books/ciclo-de-jesed/guerras-de-sangue/places;nyn-harad.webp;.webp;books/ciclo-de-jesed/guerras-de-sangue/places/nyn-harad.webp;303014;1200x900
books/ciclo-de-jesed/guerras-de-sangue/places;urtar-vesh.webp;.webp;books/ciclo-de-jesed/guerras-de-sangue/places/urtar-vesh.webp;136466;1200x900
books/ciclo-de-jesed/guerras-de-sangue/places;varkhama.webp;.webp;books/ciclo-de-jesed/guerras-de-sangue/places/varkhama.webp;229178;1200x900
books/ciclo-de-jesed/guerras-de-sangue/places;velarim.webp;.webp;books/ciclo-de-jesed/guerras-de-sangue/places/velarim.webp;313386;1200x900
books/ciclo-de-jesed/ruinas-dos-ceus/chapters;chapter-01.webp;.webp;books/ciclo-de-jesed/ruinas-dos-ceus/chapters/chapter-01.webp;392806;1671x941
books/ciclo-de-jesed/ruinas-dos-ceus/chapters;chapter-02.webp;.webp;books/ciclo-de-jesed/ruinas-dos-ceus/chapters/chapter-02.webp;359744;1672x941
books/ciclo-de-jesed/ruinas-dos-ceus/chapters;chapter-03.webp;.webp;books/ciclo-de-jesed/ruinas-dos-ceus/chapters/chapter-03.webp;386404;1672x941
books/ciclo-de-jesed/ruinas-dos-ceus/chapters;chapter-04.webp;.webp;books/ciclo-de-jesed/ruinas-dos-ceus/chapters/chapter-04.webp;567206;1672x941
books/ciclo-de-jesed/ruinas-dos-ceus/chapters;chapter-05.webp;.webp;books/ciclo-de-jesed/ruinas-dos-ceus/chapters/chapter-05.webp;344622;1672x941
books/ciclo-de-jesed/ruinas-dos-ceus/chapters;chapter-06.webp;.webp;books/ciclo-de-jesed/ruinas-dos-ceus/chapters/chapter-06.webp;348294;1672x941
books/ciclo-de-jesed/ruinas-dos-ceus/chapters;chapter-07.webp;.webp;books/ciclo-de-jesed/ruinas-dos-ceus/chapters/chapter-07.webp;454478;1672x941
books/ciclo-de-jesed/ruinas-dos-ceus/chapters;chapter-08.webp;.webp;books/ciclo-de-jesed/ruinas-dos-ceus/chapters/chapter-08.webp;455352;1672x941
books/ciclo-de-jesed/ruinas-dos-ceus/chapters;chapter-09.webp;.webp;books/ciclo-de-jesed/ruinas-dos-ceus/chapters/chapter-09.webp;469146;1672x941
books/ciclo-de-jesed/ruinas-dos-ceus/chapters;chapter-10.webp;.webp;books/ciclo-de-jesed/ruinas-dos-ceus/chapters/chapter-10.webp;320178;1672x941
books/ciclo-de-jesed/ruinas-dos-ceus/chapters;chapter-11.webp;.webp;books/ciclo-de-jesed/ruinas-dos-ceus/chapters/chapter-11.webp;286552;1672x941
books/ciclo-de-jesed/ruinas-dos-ceus/chapters;chapter-12.webp;.webp;books/ciclo-de-jesed/ruinas-dos-ceus/chapters/chapter-12.webp;388726;1672x941
books/ciclo-de-jesed/ruinas-dos-ceus/chapters;chapter-13.webp;.webp;books/ciclo-de-jesed/ruinas-dos-ceus/chapters/chapter-13.webp;416380;1672x941
books/ciclo-de-jesed/ruinas-dos-ceus/chapters;chapter-14.webp;.webp;books/ciclo-de-jesed/ruinas-dos-ceus/chapters/chapter-14.webp;369858;1672x941
books/ciclo-de-jesed/ruinas-dos-ceus/chapters;chapter-15.webp;.webp;books/ciclo-de-jesed/ruinas-dos-ceus/chapters/chapter-15.webp;375796;1672x941
books/ciclo-de-jesed/ruinas-dos-ceus/chapters;chapter-16.webp;.webp;books/ciclo-de-jesed/ruinas-dos-ceus/chapters/chapter-16.webp;383834;1672x941
books/ciclo-de-jesed/ruinas-dos-ceus/chapters;chapter-17.webp;.webp;books/ciclo-de-jesed/ruinas-dos-ceus/chapters/chapter-17.webp;423562;1672x941
books/ciclo-de-jesed/ruinas-dos-ceus/chapters;chapter-18.webp;.webp;books/ciclo-de-jesed/ruinas-dos-ceus/chapters/chapter-18.webp;298016;1672x941
books/ciclo-de-jesed/ruinas-dos-ceus/chapters;chapter-19.webp;.webp;books/ciclo-de-jesed/ruinas-dos-ceus/chapters/chapter-19.webp;431948;1672x941
books/ciclo-de-jesed/ruinas-dos-ceus/chapters;chapter-20.webp;.webp;books/ciclo-de-jesed/ruinas-dos-ceus/chapters/chapter-20.webp;415658;1672x941
books/ciclo-de-jesed/ruinas-dos-ceus/chapters;chapter-21.webp;.webp;books/ciclo-de-jesed/ruinas-dos-ceus/chapters/chapter-21.webp;364602;1672x941
books/ciclo-de-jesed/ruinas-dos-ceus/chapters;chapter-22.webp;.webp;books/ciclo-de-jesed/ruinas-dos-ceus/chapters/chapter-22.webp;375506;1672x941
books/ciclo-de-jesed/ruinas-dos-ceus/chapters;chapter-23.webp;.webp;books/ciclo-de-jesed/ruinas-dos-ceus/chapters/chapter-23.webp;275330;1672x941
books/ciclo-de-jesed/ruinas-dos-ceus/chapters;chapter-24.webp;.webp;books/ciclo-de-jesed/ruinas-dos-ceus/chapters/chapter-24.webp;339582;1672x941
books/ciclo-de-jesed/ruinas-dos-ceus/chapters;chapter-25.webp;.webp;books/ciclo-de-jesed/ruinas-dos-ceus/chapters/chapter-25.webp;364542;1672x941
books/ciclo-de-jesed/ruinas-dos-ceus/characters;efepar.webp;.webp;books/ciclo-de-jesed/ruinas-dos-ceus/characters/efepar.webp;140606;900x1125
books/ciclo-de-jesed/ruinas-dos-ceus/characters;gabasteres.webp;.webp;books/ciclo-de-jesed/ruinas-dos-ceus/characters/gabasteres.webp;278220;1122x1402
books/ciclo-de-jesed/ruinas-dos-ceus/characters;jokara.webp;.webp;books/ciclo-de-jesed/ruinas-dos-ceus/characters/jokara.webp;188532;1122x1402
books/ciclo-de-jesed/ruinas-dos-ceus/characters;liri.webp;.webp;books/ciclo-de-jesed/ruinas-dos-ceus/characters/liri.webp;118452;900x1125
books/ciclo-de-jesed/ruinas-dos-ceus/characters;loutes.webp;.webp;books/ciclo-de-jesed/ruinas-dos-ceus/characters/loutes.webp;210890;1122x1402
books/ciclo-de-jesed/ruinas-dos-ceus/characters;malthar.webp;.webp;books/ciclo-de-jesed/ruinas-dos-ceus/characters/malthar.webp;366708;1024x1536
books/ciclo-de-jesed/ruinas-dos-ceus/characters;marv.webp;.webp;books/ciclo-de-jesed/ruinas-dos-ceus/characters/marv.webp;316708;1122x1402
books/ciclo-de-jesed/ruinas-dos-ceus/characters;mirel-amarea.webp;.webp;books/ciclo-de-jesed/ruinas-dos-ceus/characters/mirel-amarea.webp;293516;1122x1402
books/ciclo-de-jesed/ruinas-dos-ceus/characters;nestira.webp;.webp;books/ciclo-de-jesed/ruinas-dos-ceus/characters/nestira.webp;140840;900x1125
books/ciclo-de-jesed/ruinas-dos-ceus/characters;platisa.webp;.webp;books/ciclo-de-jesed/ruinas-dos-ceus/characters/platisa.webp;329858;1122x1402
books/ciclo-de-jesed/ruinas-dos-ceus/characters;professor-talver.webp;.webp;books/ciclo-de-jesed/ruinas-dos-ceus/characters/professor-talver.webp;183116;900x1125
books/ciclo-de-jesed/ruinas-dos-ceus/characters;sersi.webp;.webp;books/ciclo-de-jesed/ruinas-dos-ceus/characters/sersi.webp;172846;900x1125
books/ciclo-de-jesed/ruinas-dos-ceus/characters;yndra.webp;.webp;books/ciclo-de-jesed/ruinas-dos-ceus/characters/yndra.webp;245604;1122x1402
books/ciclo-de-jesed/ruinas-dos-ceus/characters;yoral.webp;.webp;books/ciclo-de-jesed/ruinas-dos-ceus/characters/yoral.webp;164914;900x1125
books/ciclo-de-jesed/ruinas-dos-ceus/characters;yrsea.webp;.webp;books/ciclo-de-jesed/ruinas-dos-ceus/characters/yrsea.webp;182240;900x1125
books/ciclo-de-jesed/ruinas-dos-ceus;cover.webp;.webp;books/ciclo-de-jesed/ruinas-dos-ceus/cover.webp;483700;1024x1535
books/ciclo-de-jesed/ruinas-dos-ceus/maps;map-combined.webp;.webp;books/ciclo-de-jesed/ruinas-dos-ceus/maps/map-combined.webp;745306;2568x900
books/ciclo-de-jesed/ruinas-dos-ceus/maps;map-eterea.webp;.webp;books/ciclo-de-jesed/ruinas-dos-ceus/maps/map-eterea.webp;565338;1491x1055
books/ciclo-de-jesed/ruinas-dos-ceus/maps;map-nadirion.webp;.webp;books/ciclo-de-jesed/ruinas-dos-ceus/maps/map-nadirion.webp;535818;1491x1055
books/ciclo-de-jesed/ruinas-dos-ceus/places;bosques-de-arion.webp;.webp;books/ciclo-de-jesed/ruinas-dos-ceus/places/bosques-de-arion.webp;238210;1200x675
books/ciclo-de-jesed/ruinas-dos-ceus/places;circulo-de-nhamari.webp;.webp;books/ciclo-de-jesed/ruinas-dos-ceus/places/circulo-de-nhamari.webp;168294;1200x675
books/ciclo-de-jesed/ruinas-dos-ceus/places;erilan.webp;.webp;books/ciclo-de-jesed/ruinas-dos-ceus/places/erilan.webp;234568;1200x675
books/ciclo-de-jesed/ruinas-dos-ceus/places;estacao-da-leveza.webp;.webp;books/ciclo-de-jesed/ruinas-dos-ceus/places/estacao-da-leveza.webp;237074;1200x900
books/ciclo-de-jesed/ruinas-dos-ceus/places;eterea.webp;.webp;books/ciclo-de-jesed/ruinas-dos-ceus/places/eterea.webp;173980;1200x675
books/ciclo-de-jesed/ruinas-dos-ceus/places;floresta-de-nadirion.webp;.webp;books/ciclo-de-jesed/ruinas-dos-ceus/places/floresta-de-nadirion.webp;185964;1200x900
books/ciclo-de-jesed/ruinas-dos-ceus/places;ilha-da-memoria.webp;.webp;books/ciclo-de-jesed/ruinas-dos-ceus/places/ilha-da-memoria.webp;225462;1200x900
books/ciclo-de-jesed/ruinas-dos-ceus/places;ilha-dos-pequenos.webp;.webp;books/ciclo-de-jesed/ruinas-dos-ceus/places/ilha-dos-pequenos.webp;317538;1200x900
books/ciclo-de-jesed/ruinas-dos-ceus/places;ilhas-baixas.webp;.webp;books/ciclo-de-jesed/ruinas-dos-ceus/places/ilhas-baixas.webp;92856;1448x1086
books/ciclo-de-jesed/ruinas-dos-ceus/places;nadirion.webp;.webp;books/ciclo-de-jesed/ruinas-dos-ceus/places/nadirion.webp;197438;1448x1086
books/ciclo-de-jesed/ruinas-dos-ceus/places;nivellia.webp;.webp;books/ciclo-de-jesed/ruinas-dos-ceus/places/nivellia.webp;281748;1200x900
books/ciclo-de-jesed/ruinas-dos-ceus/places;planalto-de-talyen.webp;.webp;books/ciclo-de-jesed/ruinas-dos-ceus/places/planalto-de-talyen.webp;238222;1200x900
books/ciclo-de-jesed/ruinas-dos-ceus/places;praca-da-raiz.webp;.webp;books/ciclo-de-jesed/ruinas-dos-ceus/places/praca-da-raiz.webp;332518;1200x900
books/ciclo-de-jesed/ruinas-dos-ceus/places;primeiro-abrigo.webp;.webp;books/ciclo-de-jesed/ruinas-dos-ceus/places/primeiro-abrigo.webp;372378;1448x1086
books/ciclo-de-jesed/ruinas-dos-ceus/places;riacho-de-nadirion.webp;.webp;books/ciclo-de-jesed/ruinas-dos-ceus/places/riacho-de-nadirion.webp;173250;1200x900
books/ciclo-de-jesed/ruinas-dos-ceus/places;ruinas-de-eterea.webp;.webp;books/ciclo-de-jesed/ruinas-dos-ceus/places/ruinas-de-eterea.webp;578290;1448x1086
books/ciclo-de-jesed/ruinas-dos-ceus/places;vale.webp;.webp;books/ciclo-de-jesed/ruinas-dos-ceus/places/vale.webp;402024;1448x1086
books/ciclo-de-jesed/shared/lore/fauna;raukhar.webp;.webp;books/ciclo-de-jesed/shared/lore/fauna/raukhar.webp;230770;1400x1120
books/ciclo-de-jesed/shared/lore/temp;fauna-placeholder.webp;.webp;books/ciclo-de-jesed/shared/lore/temp/fauna-placeholder.webp;3618;960x600
books/ciclo-de-jesed/shared/lore/temp;flora-placeholder.webp;.webp;books/ciclo-de-jesed/shared/lore/temp/flora-placeholder.webp;4266;960x600
books/ciclo-de-jesed/shared/lore/temp;food-placeholder.webp;.webp;books/ciclo-de-jesed/shared/lore/temp/food-placeholder.webp;4038;960x600
branding/ciclo-de-jesed;logo-dark.webp;.webp;branding/ciclo-de-jesed/logo-dark.webp;40706;1723x608
branding/ciclo-de-jesed;logo-light.webp;.webp;branding/ciclo-de-jesed/logo-light.webp;49722;760x210
branding/ciclo-de-jesed;mark.webp;.webp;branding/ciclo-de-jesed/mark.webp;325158;2058x379
branding/dimensoes-infinitas;logo-dark.webp;.webp;branding/dimensoes-infinitas/logo-dark.webp;77308;1626x656
branding/dimensoes-infinitas;logo-light.webp;.webp;branding/dimensoes-infinitas/logo-light.webp;87052;1200x260
branding/dimensoes-infinitas;mark.webp;.webp;branding/dimensoes-infinitas/mark.webp;419078;1609x596
branding/guerras-de-sangue;logo-dark.webp;.webp;branding/guerras-de-sangue/logo-dark.webp;57984;1644x656
branding/guerras-de-sangue;logo-light.webp;.webp;branding/guerras-de-sangue/logo-light.webp;57654;1644x656
branding/guerras-de-sangue;mark.webp;.webp;branding/guerras-de-sangue/mark.webp;1111706;1730x687
branding/ruinas-dos-ceus;logo-dark.webp;.webp;branding/ruinas-dos-ceus/logo-dark.webp;48688;1597x656
branding/ruinas-dos-ceus;logo-light.webp;.webp;branding/ruinas-dos-ceus/logo-light.webp;48532;1597x656
branding/ruinas-dos-ceus;mark.webp;.webp;branding/ruinas-dos-ceus/mark.webp;707512;1934x670
shared/reference;alianca-contra-kaendar.webp;.webp;shared/reference/alianca-contra-kaendar.webp;280496;1600x900
shared/reference;ash-sprite-01.webp;.webp;shared/reference/ash-sprite-01.webp;1570;160x160
shared/reference;ash-sprite-02.webp;.webp;shared/reference/ash-sprite-02.webp;1596;160x160
shared/reference;ash-sprite-03.webp;.webp;shared/reference/ash-sprite-03.webp;1290;160x160
shared/reference;casa-soberana-orionus.webp;.webp;shared/reference/casa-soberana-orionus.webp;274074;1600x900
shared/reference;cla-buldar.webp;.webp;shared/reference/cla-buldar.webp;74150;520x520
shared/reference;cla-cendar.webp;.webp;shared/reference/cla-cendar.webp;76078;520x520
shared/reference;cla-glydar.webp;.webp;shared/reference/cla-glydar.webp;77632;520x520
shared/reference;cla-polar-1o-emblema-antigo.webp;.webp;shared/reference/cla-polar-1o-emblema-antigo.webp;59304;520x520
shared/reference;cla-polar-2o-emblema-antigo.webp;.webp;shared/reference/cla-polar-2o-emblema-antigo.webp;69542;520x520
shared/reference;cla-polar-emblema-atual.webp;.webp;shared/reference/cla-polar-emblema-atual.webp;63608;520x520
shared/reference;cla-tondrar.webp;.webp;shared/reference/cla-tondrar.webp;61808;520x520
shared/reference;cla-urtistar.webp;.webp;shared/reference/cla-urtistar.webp;76250;520x520
shared/reference;cla-vendrar.webp;.webp;shared/reference/cla-vendrar.webp;69630;520x520
shared/reference;cloud-distant-01.webp;.webp;shared/reference/cloud-distant-01.webp;42964;1600x600
shared/reference;cloud-distant-02.webp;.webp;shared/reference/cloud-distant-02.webp;60462;1600x600
shared/reference;cloud-distant-03.webp;.webp;shared/reference/cloud-distant-03.webp;48594;1600x600
shared/reference;cloud-mid-01.webp;.webp;shared/reference/cloud-mid-01.webp;46584;1200x500
shared/reference;cloud-mid-02.webp;.webp;shared/reference/cloud-mid-02.webp;43320;1200x500
shared/reference;cloud-mid-03.webp;.webp;shared/reference/cloud-mid-03.webp;42684;1200x500
shared/reference;conselho-da-raiz.webp;.webp;shared/reference/conselho-da-raiz.webp;274484;1600x900
shared/reference;ecoantes.webp;.webp;shared/reference/ecoantes.webp;273100;1600x900
shared/reference;ember-sprite.webp;.webp;shared/reference/ember-sprite.webp;2420;192x192
shared/reference;eterea-contemplative.webp;.webp;shared/reference/eterea-contemplative.webp;619628;2400x1350
shared/reference;familia-amarea.webp;.webp;shared/reference/familia-amarea.webp;275106;1600x900
shared/reference;familia-rendar.webp;.webp;shared/reference/familia-rendar.webp;276526;1600x900
shared/reference;fendelar-mark.webp;.webp;shared/reference/fendelar-mark.webp;19506;520x520
shared/reference;floating-fragments.webp;.webp;shared/reference/floating-fragments.webp;18290;900x1200
shared/reference;homens-das-areias.webp;.webp;shared/reference/homens-das-areias.webp;276618;1600x900
shared/reference;hot-dust.webp;.webp;shared/reference/hot-dust.webp;27576;1600x650
shared/reference;kaendar-night.webp;.webp;shared/reference/kaendar-night.webp;622342;2400x1350
shared/reference;map-grain.webp;.webp;shared/reference/map-grain.webp;1436618;2048x2048
shared/reference;mapa-combinado.webp;.webp;shared/reference/mapa-combinado.webp;488270;1800x900
shared/reference;mapa-de-et-rea.webp;.webp;shared/reference/mapa-de-et-rea.webp;526822;1491x1055
shared/reference;mapa-de-nad-rion-floresta-de-mirval.webp;.webp;shared/reference/mapa-de-nad-rion-floresta-de-mirval.webp;505382;1491x1055
shared/reference;metal-glint.webp;.webp;shared/reference/metal-glint.webp;2700;1024x150
shared/reference;mist-near-01.webp;.webp;shared/reference/mist-near-01.webp;38218;1920x700
shared/reference;mist-near-02.webp;.webp;shared/reference/mist-near-02.webp;48650;1920x700
shared/reference;moon-glow.webp;.webp;shared/reference/moon-glow.webp;13794;512x512
shared/reference;oradores-da-corrente.webp;.webp;shared/reference/oradores-da-corrente.webp;273322;1600x900
shared/reference;origem-daryon.webp;.webp;shared/reference/origem-daryon.webp;278306;1600x900
shared/reference;place-card-overlay.webp;.webp;shared/reference/place-card-overlay.webp;56514;1600x900
shared/reference;place-parchment-overlay.webp;.webp;shared/reference/place-parchment-overlay.webp;39704;1600x900
shared/reference;sidebar-clan-marks.webp;.webp;shared/reference/sidebar-clan-marks.webp;49496;1200x2400
shared/reference;sidebar-leather-map.webp;.webp;shared/reference/sidebar-leather-map.webp;766926;1200x2400
shared/reference;sidebar-roots-fragments.webp;.webp;shared/reference/sidebar-roots-fragments.webp;50886;1200x2400
shared/reference;sidebar-sky-stone.webp;.webp;shared/reference/sidebar-sky-stone.webp;651710;1200x2400
shared/reference;smoke-haze.webp;.webp;shared/reference/smoke-haze.webp;39968;1920x800
shared/reference;sobreviventes-de-nadirion.webp;.webp;shared/reference/sobreviventes-de-nadirion.webp;276014;1600x900
shared/reference;spark-sprite.webp;.webp;shared/reference/spark-sprite.webp;662;256x96
shared/reference;sun-glow.webp;.webp;shared/reference/sun-glow.webp;14626;512x512
shared/reference;teceloes-de-vento.webp;.webp;shared/reference/teceloes-de-vento.webp;269054;1600x900
books/ciclo-de-jesed/dinastia-polar/chapters;chapter-06.webp;.webp;books/ciclo-de-jesed/dinastia-polar/chapters/chapter-06.webp;248676;1672x941
books/ciclo-de-jesed/dinastia-polar/chapters;chapter-07.webp;.webp;books/ciclo-de-jesed/dinastia-polar/chapters/chapter-07.webp;217658;1672x941
books/ciclo-de-jesed/dinastia-polar/chapters;chapter-08.webp;.webp;books/ciclo-de-jesed/dinastia-polar/chapters/chapter-08.webp;312346;1672x941
books/ciclo-de-jesed/dinastia-polar/chapters;chapter-09.webp;.webp;books/ciclo-de-jesed/dinastia-polar/chapters/chapter-09.webp;223662;1672x941
books/ciclo-de-jesed/dinastia-polar/chapters;chapter-10.webp;.webp;books/ciclo-de-jesed/dinastia-polar/chapters/chapter-10.webp;257450;1672x941
books/ciclo-de-jesed/dinastia-polar/chapters;chapter-11.webp;.webp;books/ciclo-de-jesed/dinastia-polar/chapters/chapter-11.webp;276732;1672x941
books/ciclo-de-jesed/dinastia-polar/chapters;chapter-12.webp;.webp;books/ciclo-de-jesed/dinastia-polar/chapters/chapter-12.webp;354354;1672x941
books/ciclo-de-jesed/dinastia-polar/chapters;chapter-13.webp;.webp;books/ciclo-de-jesed/dinastia-polar/chapters/chapter-13.webp;244056;1672x941
books/ciclo-de-jesed/dinastia-polar/chapters;chapter-14.webp;.webp;books/ciclo-de-jesed/dinastia-polar/chapters/chapter-14.webp;184468;1672x941
books/ciclo-de-jesed/dinastia-polar/chapters;chapter-15.webp;.webp;books/ciclo-de-jesed/dinastia-polar/chapters/chapter-15.webp;234864;1672x941
books/ciclo-de-jesed/dinastia-polar/chapters;chapter-16.webp;.webp;books/ciclo-de-jesed/dinastia-polar/chapters/chapter-16.webp;247220;1672x941
books/ciclo-de-jesed/dinastia-polar/chapters;chapter-17.webp;.webp;books/ciclo-de-jesed/dinastia-polar/chapters/chapter-17.webp;234398;1672x941
books/ciclo-de-jesed/dinastia-polar/chapters;chapter-18.webp;.webp;books/ciclo-de-jesed/dinastia-polar/chapters/chapter-18.webp;292744;1672x941
books/ciclo-de-jesed/dinastia-polar/chapters;chapter-19.webp;.webp;books/ciclo-de-jesed/dinastia-polar/chapters/chapter-19.webp;241136;1672x941
books/ciclo-de-jesed/dinastia-polar/chapters;chapter-20.webp;.webp;books/ciclo-de-jesed/dinastia-polar/chapters/chapter-20.webp;268110;1672x941
books/ciclo-de-jesed/dinastia-polar/chapters;chapter-21.webp;.webp;books/ciclo-de-jesed/dinastia-polar/chapters/chapter-21.webp;199998;1672x941
books/ciclo-de-jesed/dinastia-polar/chapters;chapter-22.webp;.webp;books/ciclo-de-jesed/dinastia-polar/chapters/chapter-22.webp;278776;1672x941
books/ciclo-de-jesed/dinastia-polar/chapters;chapter-23.webp;.webp;books/ciclo-de-jesed/dinastia-polar/chapters/chapter-23.webp;266240;1672x941
books/ciclo-de-jesed/dinastia-polar/chapters;chapter-37.webp;.webp;books/ciclo-de-jesed/dinastia-polar/chapters/chapter-37.webp;429566;1672x941
books/ciclo-de-jesed/guerras-de-sangue/lore;cla-buldar.webp;.webp;books/ciclo-de-jesed/guerras-de-sangue/lore/cla-buldar.webp;412696;1254x1254
books/ciclo-de-jesed/guerras-de-sangue/lore;cla-cendar.webp;.webp;books/ciclo-de-jesed/guerras-de-sangue/lore/cla-cendar.webp;460536;1254x1254
books/ciclo-de-jesed/guerras-de-sangue/lore;cla-glydar.webp;.webp;books/ciclo-de-jesed/guerras-de-sangue/lore/cla-glydar.webp;416012;1254x1254
books/ciclo-de-jesed/guerras-de-sangue/lore;cla-polar-emblema-1-antigo.webp;.webp;books/ciclo-de-jesed/guerras-de-sangue/lore/cla-polar-emblema-1-antigo.webp;378080;1254x1254
books/ciclo-de-jesed/guerras-de-sangue/lore;cla-polar-emblema-2-antigo.webp;.webp;books/ciclo-de-jesed/guerras-de-sangue/lore/cla-polar-emblema-2-antigo.webp;350070;1254x1254
books/ciclo-de-jesed/guerras-de-sangue/lore;cla-polar-emblema-atual.webp;.webp;books/ciclo-de-jesed/guerras-de-sangue/lore/cla-polar-emblema-atual.webp;340854;1254x1254
books/ciclo-de-jesed/guerras-de-sangue/lore;cla-tondrar.webp;.webp;books/ciclo-de-jesed/guerras-de-sangue/lore/cla-tondrar.webp;374980;1254x1254
books/ciclo-de-jesed/guerras-de-sangue/lore;cla-urtistar.webp;.webp;books/ciclo-de-jesed/guerras-de-sangue/lore/cla-urtistar.webp;427430;1254x1254
books/ciclo-de-jesed/guerras-de-sangue/lore;cla-vendrar.webp;.webp;books/ciclo-de-jesed/guerras-de-sangue/lore/cla-vendrar.webp;388662;1254x1254
books/ciclo-de-jesed/herdeiros-das-cinzas;cover-clean.webp;.webp;books/ciclo-de-jesed/herdeiros-das-cinzas/cover-clean.webp;287224;1055x1491
books/ciclo-de-jesed/herdeiros-das-cinzas;cover.webp;.webp;books/ciclo-de-jesed/herdeiros-das-cinzas/cover.webp;259168;1055x1491
books/ciclo-de-jesed/dinastia-polar/characters;alveris-polar.webp;.webp;books/ciclo-de-jesed/dinastia-polar/characters/alveris-polar.webp;163172;1122x1402
books/ciclo-de-jesed/dinastia-polar/characters;amira-polar.webp;.webp;books/ciclo-de-jesed/dinastia-polar/characters/amira-polar.webp;106116;1024x1536
books/ciclo-de-jesed/dinastia-polar/characters;barek-braidar.webp;.webp;books/ciclo-de-jesed/dinastia-polar/characters/barek-braidar.webp;228238;1024x1536
books/ciclo-de-jesed/dinastia-polar/characters;caeren-polar.webp;.webp;books/ciclo-de-jesed/dinastia-polar/characters/caeren-polar.webp;142724;1122x1402
books/ciclo-de-jesed/dinastia-polar/characters;cairon-polar.webp;.webp;books/ciclo-de-jesed/dinastia-polar/characters/cairon-polar.webp;156346;1024x1536
books/ciclo-de-jesed/dinastia-polar/characters;corven-polar.webp;.webp;books/ciclo-de-jesed/dinastia-polar/characters/corven-polar.webp;150516;1024x1536
books/ciclo-de-jesed/dinastia-polar/characters;edria-cendar.webp;.webp;books/ciclo-de-jesed/dinastia-polar/characters/edria-cendar.webp;259266;1024x1536
books/ciclo-de-jesed/dinastia-polar/characters;hadris-da-raiz.webp;.webp;books/ciclo-de-jesed/dinastia-polar/characters/hadris-da-raiz.webp;202310;1122x1402
books/ciclo-de-jesed/dinastia-polar/characters;karev-quendrar.webp;.webp;books/ciclo-de-jesed/dinastia-polar/characters/karev-quendrar.webp;163728;1024x1536
books/ciclo-de-jesed/dinastia-polar/characters;kerath-polar.webp;.webp;books/ciclo-de-jesed/dinastia-polar/characters/kerath-polar.webp;84164;1024x1536
books/ciclo-de-jesed/dinastia-polar/characters;khalir-buldar.webp;.webp;books/ciclo-de-jesed/dinastia-polar/characters/khalir-buldar.webp;211756;1024x1536
books/ciclo-de-jesed/dinastia-polar/characters;ladira-polar.webp;.webp;books/ciclo-de-jesed/dinastia-polar/characters/ladira-polar.webp;178284;1122x1402
books/ciclo-de-jesed/dinastia-polar/characters;neris-nular.webp;.webp;books/ciclo-de-jesed/dinastia-polar/characters/neris-nular.webp;98376;1024x1536
books/ciclo-de-jesed/dinastia-polar/characters;orven-vendrar.webp;.webp;books/ciclo-de-jesed/dinastia-polar/characters/orven-vendrar.webp;164876;1024x1536
books/ciclo-de-jesed/dinastia-polar/characters;rhevara-mardrar.webp;.webp;books/ciclo-de-jesed/dinastia-polar/characters/rhevara-mardrar.webp;187954;1024x1536
books/ciclo-de-jesed/dinastia-polar/characters;riala-glydar.webp;.webp;books/ciclo-de-jesed/dinastia-polar/characters/riala-glydar.webp;221352;1024x1536
books/ciclo-de-jesed/dinastia-polar/characters;saelira-buldar.webp;.webp;books/ciclo-de-jesed/dinastia-polar/characters/saelira-buldar.webp;160406;1024x1536
books/ciclo-de-jesed/dinastia-polar/characters;saren-luzdar.webp;.webp;books/ciclo-de-jesed/dinastia-polar/characters/saren-luzdar.webp;170064;1024x1536
books/ciclo-de-jesed/dinastia-polar/characters;serka-cendar.webp;.webp;books/ciclo-de-jesed/dinastia-polar/characters/serka-cendar.webp;244954;1024x1536
books/ciclo-de-jesed/dinastia-polar/characters;talira-leidar.webp;.webp;books/ciclo-de-jesed/dinastia-polar/characters/talira-leidar.webp;241970;1024x1536
books/ciclo-de-jesed/dinastia-polar/characters;tavena-grastar.webp;.webp;books/ciclo-de-jesed/dinastia-polar/characters/tavena-grastar.webp;248874;1024x1536
books/ciclo-de-jesed/dinastia-polar/characters;yamara-quendrar.webp;.webp;books/ciclo-de-jesed/dinastia-polar/characters/yamara-quendrar.webp;187860;1024x1536
books/ciclo-de-jesed/dinastia-polar/chapters;chapter-24.webp;.webp;books/ciclo-de-jesed/dinastia-polar/chapters/chapter-24.webp;188722;1672x941
books/ciclo-de-jesed/dinastia-polar/chapters;chapter-25.webp;.webp;books/ciclo-de-jesed/dinastia-polar/chapters/chapter-25.webp;169876;1672x941
books/ciclo-de-jesed/dinastia-polar/chapters;chapter-26.webp;.webp;books/ciclo-de-jesed/dinastia-polar/chapters/chapter-26.webp;376950;1672x941
books/ciclo-de-jesed/dinastia-polar/chapters;chapter-27.webp;.webp;books/ciclo-de-jesed/dinastia-polar/chapters/chapter-27.webp;402582;1672x941
books/ciclo-de-jesed/dinastia-polar/chapters;chapter-28.webp;.webp;books/ciclo-de-jesed/dinastia-polar/chapters/chapter-28.webp;329740;1672x941
books/ciclo-de-jesed/dinastia-polar/chapters;chapter-29.webp;.webp;books/ciclo-de-jesed/dinastia-polar/chapters/chapter-29.webp;303546;1672x941
books/ciclo-de-jesed/dinastia-polar/chapters;chapter-30.webp;.webp;books/ciclo-de-jesed/dinastia-polar/chapters/chapter-30.webp;402186;1672x941
books/ciclo-de-jesed/dinastia-polar/chapters;chapter-31.webp;.webp;books/ciclo-de-jesed/dinastia-polar/chapters/chapter-31.webp;249302;1672x941
books/ciclo-de-jesed/dinastia-polar/chapters;chapter-32.webp;.webp;books/ciclo-de-jesed/dinastia-polar/chapters/chapter-32.webp;228662;1672x941
books/ciclo-de-jesed/dinastia-polar/chapters;chapter-33.webp;.webp;books/ciclo-de-jesed/dinastia-polar/chapters/chapter-33.webp;217502;1672x941
books/ciclo-de-jesed/dinastia-polar/chapters;chapter-34.webp;.webp;books/ciclo-de-jesed/dinastia-polar/chapters/chapter-34.webp;189994;1672x941
books/ciclo-de-jesed/dinastia-polar/chapters;chapter-35.webp;.webp;books/ciclo-de-jesed/dinastia-polar/chapters/chapter-35.webp;273428;1672x941
books/ciclo-de-jesed/dinastia-polar/chapters;chapter-36.webp;.webp;books/ciclo-de-jesed/dinastia-polar/chapters/chapter-36.webp;221234;1672x941
books/ciclo-de-jesed/dinastia-polar/places;aelvar-2.webp;.webp;books/ciclo-de-jesed/dinastia-polar/places/aelvar-2.webp;246772;1672x941
books/ciclo-de-jesed/dinastia-polar/places;braivar-2.webp;.webp;books/ciclo-de-jesed/dinastia-polar/places/braivar-2.webp;368758;1672x941
books/ciclo-de-jesed/dinastia-polar/places;caminho-da-permanencia.webp;.webp;books/ciclo-de-jesed/dinastia-polar/places/caminho-da-permanencia.webp;373062;1672x941
books/ciclo-de-jesed/dinastia-polar/places;casa-da-balanca.webp;.webp;books/ciclo-de-jesed/dinastia-polar/places/casa-da-balanca.webp;318502;1672x941
books/ciclo-de-jesed/dinastia-polar/places;casa-das-bandeiras-fechadas.webp;.webp;books/ciclo-de-jesed/dinastia-polar/places/casa-das-bandeiras-fechadas.webp;307686;1672x941
books/ciclo-de-jesed/dinastia-polar/places;casa-do-ferro-baixo.webp;.webp;books/ciclo-de-jesed/dinastia-polar/places/casa-do-ferro-baixo.webp;321612;1672x941
books/ciclo-de-jesed/dinastia-polar/places;distrito-de-alysen.webp;.webp;books/ciclo-de-jesed/dinastia-polar/places/distrito-de-alysen.webp;380246;1672x941
books/ciclo-de-jesed/dinastia-polar/places;distrito-de-delvar.webp;.webp;books/ciclo-de-jesed/dinastia-polar/places/distrito-de-delvar.webp;359882;1672x941
books/ciclo-de-jesed/dinastia-polar/places;distrito-de-kaelyr.webp;.webp;books/ciclo-de-jesed/dinastia-polar/places/distrito-de-kaelyr.webp;377982;1672x941
books/ciclo-de-jesed/dinastia-polar/places;distrito-de-maelya.webp;.webp;books/ciclo-de-jesed/dinastia-polar/places/distrito-de-maelya.webp;358220;1672x941
books/ciclo-de-jesed/dinastia-polar/places;distrito-de-nerya.webp;.webp;books/ciclo-de-jesed/dinastia-polar/places/distrito-de-nerya.webp;422690;1672x941
books/ciclo-de-jesed/dinastia-polar/places;distrito-de-olarim.webp;.webp;books/ciclo-de-jesed/dinastia-polar/places/distrito-de-olarim.webp;311576;1672x941
books/ciclo-de-jesed/dinastia-polar/places;distrito-de-roven.webp;.webp;books/ciclo-de-jesed/dinastia-polar/places/distrito-de-roven.webp;274636;1672x941
books/ciclo-de-jesed/dinastia-polar/places;distrito-de-selyra.webp;.webp;books/ciclo-de-jesed/dinastia-polar/places/distrito-de-selyra.webp;343348;1672x941
books/ciclo-de-jesed/dinastia-polar/places;distrito-de-talarim.webp;.webp;books/ciclo-de-jesed/dinastia-polar/places/distrito-de-talarim.webp;352930;1672x941
books/ciclo-de-jesed/dinastia-polar/places;distrito-de-vardeno.webp;.webp;books/ciclo-de-jesed/dinastia-polar/places/distrito-de-vardeno.webp;318454;1672x941
books/ciclo-de-jesed/dinastia-polar/places;garganta-de-kaendar.webp;.webp;books/ciclo-de-jesed/dinastia-polar/places/garganta-de-kaendar.webp;323824;1672x941
books/ciclo-de-jesed/dinastia-polar/places;harquen-2.webp;.webp;books/ciclo-de-jesed/dinastia-polar/places/harquen-2.webp;261912;1672x941
books/ciclo-de-jesed/dinastia-polar/places;khar-kaelyr-2.webp;.webp;books/ciclo-de-jesed/dinastia-polar/places/khar-kaelyr-2.webp;311832;1672x941
books/ciclo-de-jesed/dinastia-polar/places;olho-de-kaeliran.webp;.webp;books/ciclo-de-jesed/dinastia-polar/places/olho-de-kaeliran.webp;322750;1672x941
books/ciclo-de-jesed/dinastia-polar/places;propriedade-rural-de-dareth.webp;.webp;books/ciclo-de-jesed/dinastia-polar/places/propriedade-rural-de-dareth.webp;383916;1672x941
books/ciclo-de-jesed/dinastia-polar/places;patio-de-namar.webp;.webp;books/ciclo-de-jesed/dinastia-polar/places/patio-de-namar.webp;331468;1672x941
books/ciclo-de-jesed/dinastia-polar/places;salinas-de-arvessa.webp;.webp;books/ciclo-de-jesed/dinastia-polar/places/salinas-de-arvessa.webp;344774;1672x941
books/ciclo-de-jesed/dinastia-polar/places;santuario-da-raiz-eterna.webp;.webp;books/ciclo-de-jesed/dinastia-polar/places/santuario-da-raiz-eterna.webp;371800;1672x941
books/ciclo-de-jesed/dinastia-polar/places;seynara.webp;.webp;books/ciclo-de-jesed/dinastia-polar/places/seynara.webp;365268;1672x941
books/ciclo-de-jesed/dinastia-polar/places;urtar-vesh.webp;.webp;books/ciclo-de-jesed/dinastia-polar/places/urtar-vesh.webp;275898;1672x941
books/ciclo-de-jesed/dinastia-polar/lore/fauna;bravao.webp;.webp;books/ciclo-de-jesed/dinastia-polar/lore/fauna/bravao.webp;288842;1672x941
books/ciclo-de-jesed/dinastia-polar/lore/fauna;tarrak.webp;.webp;books/ciclo-de-jesed/dinastia-polar/lore/fauna/tarrak.webp;217612;1672x941
books/ciclo-de-jesed/dinastia-polar;cover.webp;.webp;books/ciclo-de-jesed/dinastia-polar/cover.webp;552966;1054x1492
books/ciclo-de-jesed/dinastia-polar/chapters;chapter-01.webp;.webp;books/ciclo-de-jesed/dinastia-polar/chapters/chapter-01.webp;239030;1600x900
books/ciclo-de-jesed/dinastia-polar/chapters;chapter-02.webp;.webp;books/ciclo-de-jesed/dinastia-polar/chapters/chapter-02.webp;243426;1600x900
books/ciclo-de-jesed/dinastia-polar/chapters;chapter-03.webp;.webp;books/ciclo-de-jesed/dinastia-polar/chapters/chapter-03.webp;159008;1600x900
books/ciclo-de-jesed/dinastia-polar/chapters;chapter-04.webp;.webp;books/ciclo-de-jesed/dinastia-polar/chapters/chapter-04.webp;205254;1600x900
books/ciclo-de-jesed/dinastia-polar/chapters;chapter-05.webp;.webp;books/ciclo-de-jesed/dinastia-polar/chapters/chapter-05.webp;195702;1600x900
books/ciclo-de-jesed/dinastia-polar/characters;dareth-quatro-dedos.webp;.webp;books/ciclo-de-jesed/dinastia-polar/characters/dareth-quatro-dedos.webp;334410;1024x1536
books/ciclo-de-jesed/dinastia-polar/characters;elis.webp;.webp;books/ciclo-de-jesed/dinastia-polar/characters/elis.webp;232136;1122x1402
books/ciclo-de-jesed/dinastia-polar/characters;kalan.webp;.webp;books/ciclo-de-jesed/dinastia-polar/characters/kalan.webp;176178;1122x1402
books/ciclo-de-jesed/dinastia-polar/characters;karesis.webp;.webp;books/ciclo-de-jesed/dinastia-polar/characters/karesis.webp;199126;1122x1402
books/ciclo-de-jesed/dinastia-polar/characters;orel.webp;.webp;books/ciclo-de-jesed/dinastia-polar/characters/orel.webp;235316;1122x1402
books/ciclo-de-jesed/dinastia-polar/characters;selina.webp;.webp;books/ciclo-de-jesed/dinastia-polar/characters/selina.webp;178378;1122x1402
books/ciclo-de-jesed/dinastia-polar/characters;sumo-vigia.webp;.webp;books/ciclo-de-jesed/dinastia-polar/characters/sumo-vigia.webp;188436;1122x1402
books/ciclo-de-jesed/dinastia-polar/characters;tair.webp;.webp;books/ciclo-de-jesed/dinastia-polar/characters/tair.webp;196588;1122x1402
books/ciclo-de-jesed/dinastia-polar/characters;teral-polar.webp;.webp;books/ciclo-de-jesed/dinastia-polar/characters/teral-polar.webp;255980;1122x1402
books/ciclo-de-jesed/dinastia-polar/characters;vesna-da-permanencia.webp;.webp;books/ciclo-de-jesed/dinastia-polar/characters/vesna-da-permanencia.webp;184530;1122x1402
books/ciclo-de-jesed/dinastia-polar/characters;vetarius-polar.webp;.webp;books/ciclo-de-jesed/dinastia-polar/characters/vetarius-polar.webp;155096;1122x1402
books/ciclo-de-jesed/dinastia-polar/dynasties;braidar.webp;.webp;books/ciclo-de-jesed/dinastia-polar/dynasties/braidar.webp;1740;80x80
books/ciclo-de-jesed/dinastia-polar/dynasties;buldar.webp;.webp;books/ciclo-de-jesed/dinastia-polar/dynasties/buldar.webp;1716;128x128
books/ciclo-de-jesed/dinastia-polar/dynasties;cendar.webp;.webp;books/ciclo-de-jesed/dinastia-polar/dynasties/cendar.webp;2628;128x128
books/ciclo-de-jesed/dinastia-polar/dynasties;grastar.webp;.webp;books/ciclo-de-jesed/dinastia-polar/dynasties/grastar.webp;1334;80x80
books/ciclo-de-jesed/dinastia-polar/dynasties;leidar.webp;.webp;books/ciclo-de-jesed/dinastia-polar/dynasties/leidar.webp;1724;128x128
books/ciclo-de-jesed/dinastia-polar/dynasties;luzdar.webp;.webp;books/ciclo-de-jesed/dinastia-polar/dynasties/luzdar.webp;2596;128x128
books/ciclo-de-jesed/dinastia-polar/dynasties;mardrar.webp;.webp;books/ciclo-de-jesed/dinastia-polar/dynasties/mardrar.webp;1274;128x128
books/ciclo-de-jesed/dinastia-polar/dynasties;polar.webp;.webp;books/ciclo-de-jesed/dinastia-polar/dynasties/polar.webp;1634;128x128
books/ciclo-de-jesed/dinastia-polar/dynasties;quendrar.webp;.webp;books/ciclo-de-jesed/dinastia-polar/dynasties/quendrar.webp;1852;128x128
books/ciclo-de-jesed/dinastia-polar/dynasties;vendrar.webp;.webp;books/ciclo-de-jesed/dinastia-polar/dynasties/vendrar.webp;2692;128x128
books/ciclo-de-jesed/dinastia-polar/maps;map.webp;.webp;books/ciclo-de-jesed/dinastia-polar/maps/map.webp;773558;1536x1024
books/ciclo-de-jesed/dinastia-polar/places;aelvar.webp;.webp;books/ciclo-de-jesed/dinastia-polar/places/aelvar.webp;184702;1600x900
books/ciclo-de-jesed/dinastia-polar/places;altar-dez-estandares.webp;.webp;books/ciclo-de-jesed/dinastia-polar/places/altar-dez-estandares.webp;451584;1600x900
books/ciclo-de-jesed/dinastia-polar/places;avarrast.webp;.webp;books/ciclo-de-jesed/dinastia-polar/places/avarrast.webp;304338;1600x900
books/ciclo-de-jesed/dinastia-polar/places;bosque-roldanas.webp;.webp;books/ciclo-de-jesed/dinastia-polar/places/bosque-roldanas.webp;321640;1600x900
books/ciclo-de-jesed/dinastia-polar/places;braivar.webp;.webp;books/ciclo-de-jesed/dinastia-polar/places/braivar.webp;282222;1600x900
books/ciclo-de-jesed/dinastia-polar/places;campos-orven.webp;.webp;books/ciclo-de-jesed/dinastia-polar/places/campos-orven.webp;365172;1600x900
books/ciclo-de-jesed/dinastia-polar/places;cendar-vel.webp;.webp;books/ciclo-de-jesed/dinastia-polar/places/cendar-vel.webp;331146;1600x900
books/ciclo-de-jesed/dinastia-polar/places;fortaleza-kaendar.webp;.webp;books/ciclo-de-jesed/dinastia-polar/places/fortaleza-kaendar.webp;239418;1600x900
books/ciclo-de-jesed/dinastia-polar/places;harquen.webp;.webp;books/ciclo-de-jesed/dinastia-polar/places/harquen.webp;269592;1600x900
books/ciclo-de-jesed/dinastia-polar/places;kaeliran.webp;.webp;books/ciclo-de-jesed/dinastia-polar/places/kaeliran.webp;224186;1600x900
books/ciclo-de-jesed/dinastia-polar/places;kelvar.webp;.webp;books/ciclo-de-jesed/dinastia-polar/places/kelvar.webp;248254;1600x900
books/ciclo-de-jesed/dinastia-polar/places;khar-tondr.webp;.webp;books/ciclo-de-jesed/dinastia-polar/places/khar-tondr.webp;169396;1600x900
books/ciclo-de-jesed/dinastia-polar/places;luzhara.webp;.webp;books/ciclo-de-jesed/dinastia-polar/places/luzhara.webp;299202;1600x900
books/ciclo-de-jesed/dinastia-polar/places;mard-aren.webp;.webp;books/ciclo-de-jesed/dinastia-polar/places/mard-aren.webp;227238;1600x900
books/ciclo-de-jesed/dinastia-polar/places;maruva.webp;.webp;books/ciclo-de-jesed/dinastia-polar/places/maruva.webp;258142;1600x900
books/ciclo-de-jesed/dinastia-polar/places;nhal.webp;.webp;books/ciclo-de-jesed/dinastia-polar/places/nhal.webp;299976;1600x900
books/ciclo-de-jesed/dinastia-polar/places;nyn-harad.webp;.webp;books/ciclo-de-jesed/dinastia-polar/places/nyn-harad.webp;264526;1600x900
books/ciclo-de-jesed/dinastia-polar/places;passagem-lendros.webp;.webp;books/ciclo-de-jesed/dinastia-polar/places/passagem-lendros.webp;324400;1600x900
books/ciclo-de-jesed/dinastia-polar/places;porto-salmora.webp;.webp;books/ciclo-de-jesed/dinastia-polar/places/porto-salmora.webp;273232;1600x900
books/ciclo-de-jesed/dinastia-polar/places;seykar.webp;.webp;books/ciclo-de-jesed/dinastia-polar/places/seykar.webp;312154;1600x900
books/ciclo-de-jesed/dinastia-polar/places;valenor.webp;.webp;books/ciclo-de-jesed/dinastia-polar/places/valenor.webp;336808;1536x1024
books/ciclo-de-jesed/dinastia-polar/places;varkhama.webp;.webp;books/ciclo-de-jesed/dinastia-polar/places/varkhama.webp;261838;1600x900
books/ciclo-de-jesed/dinastia-polar/places;vessar.webp;.webp;books/ciclo-de-jesed/dinastia-polar/places/vessar.webp;327324;1600x900
books/ciclo-de-jesed/dinastia-polar/places;veyl-sar.webp;.webp;books/ciclo-de-jesed/dinastia-polar/places/veyl-sar.webp;343290;1600x900
branding/dinastia-polar;logo-white.webp;.webp;branding/dinastia-polar/logo-white.webp;45322;1978x818
